{"bafu": [{"bayesian_opt_scores": [{"classification_truncation": 2, "threshold": 2.160069058107428}, 15.419557571411133, 0.2173902960075682]}, [{"classification_truncation": 1, "threshold": 1}, 0.2173902960075682], [{"classification_truncation": 4, "threshold": 1.5}, 0.2173902960075682], [{"classification_truncation": 4, "threshold": 2}, 0.2173902960075682], [{"classification_truncation": 4, "threshold": 2.5}, 0.2173902960075682], [{"classification_truncation": 4, "threshold": 3}, 0.2173902960075682], [{"classification_truncation": 5, "threshold": 1}, 0.2173902960075682], [{"classification_truncation": 5, "threshold": 1.2}, 0.2173902960075682], [{"classification_truncation": 4, "threshold": 1.2}, 0.2173902960075682], [{"classification_truncation": 5, "threshold": 1.5}, 0.2173902960075682], [{"classification_truncation": 5, "threshold": 2.5}, 0.2173902960075682], [{"classification_truncation": 5, "threshold": 3}, 0.2173902960075682], [{"classification_truncation": 6, "threshold": 1}, 0.2173902960075682], [{"classification_truncation": 6, "threshold": 1.2}, 0.2173902960075682], [{"classification_truncation": 6, "threshold": 1.5}, 0.2173902960075682], [{"classification_truncation": 6, "threshold": 2}, 0.2173902960075682], [{"classification_truncation": 5, "threshold": 2}, 0.2173902960075682], [{"classification_truncation": 4, "threshold": 1}, 0.2173902960075682], [{"classification_truncation": 3, "threshold": 3}, 0.2173902960075682], [{"classification_truncation": 3, "threshold": 2.5}, 0.2173902960075682], [{"classification_truncation": 1, "threshold": 1.2}, 0.2173902960075682], [{"classification_truncation": 1, "threshold": 1.5}, 0.2173902960075682], [{"classification_truncation": 1, "threshold": 2}, 0.2173902960075682], [{"classification_truncation": 1, "threshold": 2.5}, 0.2173902960075682], [{"classification_truncation": 1, "threshold": 3}, 0.2173902960075682], [{"classification_truncation": 2, "threshold": 1}, 0.2173902960075682], [{"classification_truncation": 2, "threshold": 1.2}, 0.2173902960075682], [{"classification_truncation": 2, "threshold": 1.5}, 0.2173902960075682], [{"classification_truncation": 2, "threshold": 2}, 0.2173902960075682], [{"classification_truncation": 2, "threshold": 2.5}, 0.2173902960075682], [{"classification_truncation": 2, "threshold": 3}, 0.2173902960075682], [{"classification_truncation": 3, "threshold": 1}, 0.2173902960075682], [{"classification_truncation": 3, "threshold": 1.2}, 0.2173902960075682], [{"classification_truncation": 3, "threshold": 1.5}, 0.2173902960075682], [{"classification_truncation": 3, "threshold": 2}, 0.2173902960075682], [{"classification_truncation": 6, "threshold": 2.5}, 0.2173902960075682], [{"classification_truncation": 6, "threshold": 3}, 0.2173902960075682], {"param_grid": {"classification_truncation": [1, 2, 3, 4, 5, 6], "threshold": [1, 1.2, 1.5, 2, 2.5, 3]}}]}