{"bafu": [{"bayesian_opt_scores": [{"classification_truncation": 4, "threshold": 2.0306625720939913}, 37.41020607948303, 0.17218919439361244]}, [{"classification_truncation": 4, "threshold": 2.5}, 0.17240041132157125], [{"classification_truncation": 4, "threshold": 2}, 0.1738706199728619], [{"classification_truncation": 5, "threshold": 1}, 0.17848064830354768], [{"classification_truncation": 5, "threshold": 1.2}, 0.17933960015091638], [{"classification_truncation": 6, "threshold": 1}, 0.17934054751105888], [{"classification_truncation": 5, "threshold": 1.5}, 0.1825352179552498], [{"classification_truncation": 6, "threshold": 1.2}, 0.1844682227649143], [{"classification_truncation": 4, "threshold": 1.5}, 0.18609137762377978], [{"classification_truncation": 6, "threshold": 1.5}, 0.18663087252441418], [{"classification_truncation": 4, "threshold": 3}, 0.1877987048488721], [{"classification_truncation": 5, "threshold": 2}, 0.18844017106631514], [{"classification_truncation": 6, "threshold": 2}, 0.19294094377142484], [{"classification_truncation": 5, "threshold": 2.5}, 0.19416546208877075], [{"classification_truncation": 6, "threshold": 2.5}, 0.20367639073799787], [{"classification_truncation": 4, "threshold": 1.2}, 0.20395987899131857], [{"classification_truncation": 1, "threshold": 2}, 0.20657683567885812], [{"classification_truncation": 5, "threshold": 3}, 0.20901806735042283], [{"classification_truncation": 4, "threshold": 1}, 0.2107600720374601], [{"classification_truncation": 1, "threshold": 2.5}, 0.21168237370147716], [{"classification_truncation": 1, "threshold": 3}, 0.21646189994177195], [{"classification_truncation": 6, "threshold": 3}, 0.21804705955169285], [{"classification_truncation": 3, "threshold": 1.5}, 0.2198671485403363], [{"classification_truncation": 3, "threshold": 1.2}, 0.22490199402843025], [{"classification_truncation": 1, "threshold": 1.5}, 0.2297261413163477], [{"classification_truncation": 3, "threshold": 1}, 0.2319128782128717], [{"classification_truncation": 3, "threshold": 2}, 0.24429532222594547], [{"classification_truncation": 2, "threshold": 1.5}, 0.2521476468321142], [{"classification_truncation": 3, "threshold": 2.5}, 0.256824584308883], [{"classification_truncation": 2, "threshold": 2}, 0.26009409236592085], [{"classification_truncation": 1, "threshold": 1.2}, 0.2612952835426472], [{"classification_truncation": 2, "threshold": 2.5}, 0.2618367810725673], [{"classification_truncation": 2, "threshold": 1.2}, 0.26734357548293547], [{"classification_truncation": 2, "threshold": 3}, 0.2688031246732666], [{"classification_truncation": 2, "threshold": 1}, 0.275342907763263], [{"classification_truncation": 1, "threshold": 1}, 0.2797972525128973], [{"classification_truncation": 3, "threshold": 3}, 0.28651000986408215], {"param_grid": {"classification_truncation": [1, 2, 3, 4, 5, 6], "threshold": [1, 1.2, 1.5, 2, 2.5, 3]}}]}