{"bafu": [{"bayesian_opt_scores": [{"classification_truncation": 1, "threshold": 2.8246991982020604}, 35.62076234817505, 0.043059330763230166]}, [{"classification_truncation": 1, "threshold": 3}, 0.04368247829719586], [{"classification_truncation": 5, "threshold": 2.5}, 0.04494946270050116], [{"classification_truncation": 4, "threshold": 2.5}, 0.04517224674261271], [{"classification_truncation": 5, "threshold": 3}, 0.045606997785948976], [{"classification_truncation": 1, "threshold": 2.5}, 0.0456910860507519], [{"classification_truncation": 4, "threshold": 3}, 0.047006715068179813], [{"classification_truncation": 5, "threshold": 2}, 0.04767113728835676], [{"classification_truncation": 4, "threshold": 2}, 0.04792049168114525], [{"classification_truncation": 2, "threshold": 3}, 0.0529755919964911], [{"classification_truncation": 6, "threshold": 3}, 0.05313468675869563], [{"classification_truncation": 3, "threshold": 1.5}, 0.05392123545862122], [{"classification_truncation": 6, "threshold": 2.5}, 0.05397891485891416], [{"classification_truncation": 5, "threshold": 1.5}, 0.05399599747012063], [{"classification_truncation": 4, "threshold": 1.5}, 0.05454225287360239], [{"classification_truncation": 5, "threshold": 1}, 0.05495175685922617], [{"classification_truncation": 2, "threshold": 2.5}, 0.05557455241891123], [{"classification_truncation": 3, "threshold": 2}, 0.05585486737465699], [{"classification_truncation": 3, "threshold": 2.5}, 0.05621648074112541], [{"classification_truncation": 3, "threshold": 3}, 0.056723694766462995], [{"classification_truncation": 3, "threshold": 1.2}, 0.056864911531954554], [{"classification_truncation": 1, "threshold": 2}, 0.05710363086178723], [{"classification_truncation": 6, "threshold": 2}, 0.05713180493139833], [{"classification_truncation": 5, "threshold": 1.2}, 0.05765739351712694], [{"classification_truncation": 4, "threshold": 1.2}, 0.05863161831204724], [{"classification_truncation": 6, "threshold": 1.5}, 0.06019539252656009], [{"classification_truncation": 2, "threshold": 2}, 0.06130257116587642], [{"classification_truncation": 3, "threshold": 1}, 0.06166262218970074], [{"classification_truncation": 6, "threshold": 1.2}, 0.06254879088635798], [{"classification_truncation": 6, "threshold": 1}, 0.06453123986194682], [{"classification_truncation": 4, "threshold": 1}, 0.06470993656144541], [{"classification_truncation": 1, "threshold": 1.5}, 0.0674537930463142], [{"classification_truncation": 2, "threshold": 1.5}, 0.06841173877918656], [{"classification_truncation": 2, "threshold": 1.2}, 0.08260163976079557], [{"classification_truncation": 1, "threshold": 1.2}, 0.08306854735621655], [{"classification_truncation": 2, "threshold": 1}, 0.08546494261616867], [{"classification_truncation": 1, "threshold": 1}, 0.09261853533331342], {"param_grid": {"classification_truncation": [1, 2, 3, 4, 5, 6], "threshold": [1, 1.2, 1.5, 2, 2.5, 3]}}]}