{"bafu": [{"bayesian_opt_scores": [{"classification_truncation": 1, "threshold": 2.040732627539665}, 43.396055698394775, 0.06572637568449854]}, [{"classification_truncation": 1, "threshold": 2}, 0.06675709015094143], [{"classification_truncation": 4, "threshold": 2.5}, 0.07973539834003346], [{"classification_truncation": 4, "threshold": 3}, 0.08297994885242052], [{"classification_truncation": 4, "threshold": 2}, 0.09369597052244119], [{"classification_truncation": 4, "threshold": 1.5}, 0.09939212959415869], [{"classification_truncation": 1, "threshold": 1.5}, 0.10578894134872609], [{"classification_truncation": 1, "threshold": 2.5}, 0.10713073301431474], [{"classification_truncation": 1, "threshold": 3}, 0.10713073301431476], [{"classification_truncation": 2, "threshold": 3}, 0.11665679392714215], [{"classification_truncation": 3, "threshold": 3}, 0.1220827380549319], [{"classification_truncation": 4, "threshold": 1.2}, 0.1358148299964067], [{"classification_truncation": 2, "threshold": 2.5}, 0.14954762500909377], [{"classification_truncation": 4, "threshold": 1}, 0.15535652549677323], [{"classification_truncation": 1, "threshold": 1.2}, 0.15799546662338435], [{"classification_truncation": 1, "threshold": 1}, 0.2080179105994865], [{"classification_truncation": 3, "threshold": 1.5}, 0.20982297803642025], [{"classification_truncation": 2, "threshold": 2}, 0.21602987461418685], [{"classification_truncation": 3, "threshold": 1.2}, 0.21719312920030093], [{"classification_truncation": 3, "threshold": 1}, 0.21935040226694238], [{"classification_truncation": 5, "threshold": 1}, 0.22011337708631334], [{"classification_truncation": 2, "threshold": 1.5}, 0.22385504561580255], [{"classification_truncation": 5, "threshold": 1.5}, 0.22739213249251608], [{"classification_truncation": 3, "threshold": 2.5}, 0.23339355082308064], [{"classification_truncation": 5, "threshold": 1.2}, 0.23652083022877096], [{"classification_truncation": 2, "threshold": 1.2}, 0.23856776751587286], [{"classification_truncation": 2, "threshold": 1}, 0.24282383417115413], [{"classification_truncation": 3, "threshold": 2}, 0.24297426186018903], [{"classification_truncation": 5, "threshold": 2}, 0.25361995144684296], [{"classification_truncation": 6, "threshold": 1}, 0.25464128107129075], [{"classification_truncation": 6, "threshold": 1.5}, 0.26597543460223], [{"classification_truncation": 6, "threshold": 1.2}, 0.2683916763829838], [{"classification_truncation": 6, "threshold": 2}, 0.2689174138885575], [{"classification_truncation": 6, "threshold": 2.5}, 0.2996172680659618], [{"classification_truncation": 5, "threshold": 2.5}, 0.31127820243078097], [{"classification_truncation": 5, "threshold": 3}, 0.31732434930811476], [{"classification_truncation": 6, "threshold": 3}, 0.32585635105839067], {"param_grid": {"classification_truncation": [1, 2, 3, 4, 5, 6], "threshold": [1, 1.2, 1.5, 2, 2.5, 3]}}]}