{"bafu": [{"bayesian_opt_scores": [{"classification_truncation": 4, "threshold": 3.0}, 37.27368664741516, 0.00540029196923073]}, [{"classification_truncation": 4, "threshold": 3}, 0.005400291969230728], [{"classification_truncation": 4, "threshold": 2.5}, 0.006272512495111758], [{"classification_truncation": 4, "threshold": 2}, 0.008767183964864745], [{"classification_truncation": 2, "threshold": 3}, 0.00898341343419605], [{"classification_truncation": 3, "threshold": 3}, 0.009788210905652128], [{"classification_truncation": 4, "threshold": 1.5}, 0.010278420752321545], [{"classification_truncation": 1, "threshold": 2.5}, 0.011234477881436722], [{"classification_truncation": 1, "threshold": 3}, 0.012557194703581806], [{"classification_truncation": 1, "threshold": 2}, 0.013271448525317012], [{"classification_truncation": 2, "threshold": 2.5}, 0.0136733315004398], [{"classification_truncation": 4, "threshold": 1.2}, 0.015783683203000096], [{"classification_truncation": 1, "threshold": 1.5}, 0.021967485108035804], [{"classification_truncation": 4, "threshold": 1}, 0.0226649627704911], [{"classification_truncation": 2, "threshold": 2}, 0.02493743141136559], [{"classification_truncation": 3, "threshold": 2.5}, 0.026247374627320973], [{"classification_truncation": 3, "threshold": 2}, 0.030663422220934936], [{"classification_truncation": 5, "threshold": 1.5}, 0.032189312908020115], [{"classification_truncation": 3, "threshold": 1.5}, 0.03566182766788727], [{"classification_truncation": 5, "threshold": 2}, 0.035738014560412375], [{"classification_truncation": 5, "threshold": 1.2}, 0.038452733720117115], [{"classification_truncation": 2, "threshold": 1.5}, 0.03856493306043562], [{"classification_truncation": 1, "threshold": 1.2}, 0.03971289825637958], [{"classification_truncation": 5, "threshold": 2.5}, 0.03982506598648789], [{"classification_truncation": 5, "threshold": 3}, 0.04000025464668048], [{"classification_truncation": 3, "threshold": 1.2}, 0.04000101104830706], [{"classification_truncation": 6, "threshold": 2.5}, 0.04028619696022417], [{"classification_truncation": 3, "threshold": 1}, 0.042175118320115834], [{"classification_truncation": 6, "threshold": 2}, 0.04254241247156411], [{"classification_truncation": 5, "threshold": 1}, 0.04375190355660868], [{"classification_truncation": 6, "threshold": 1.5}, 0.044321866809127225], [{"classification_truncation": 6, "threshold": 3}, 0.04447256743690409], [{"classification_truncation": 2, "threshold": 1.2}, 0.046384794678871556], [{"classification_truncation": 2, "threshold": 1}, 0.04905206095255629], [{"classification_truncation": 6, "threshold": 1.2}, 0.04919871685523265], [{"classification_truncation": 6, "threshold": 1}, 0.05461535084235514], [{"classification_truncation": 1, "threshold": 1}, 0.05606537776092114], {"param_grid": {"classification_truncation": [1, 2, 3, 4, 5, 6], "threshold": [1, 1.2, 1.5, 2, 2.5, 3]}}]}