{"bafu": [{"bayesian_opt_scores": [{"classification_truncation": 1, "threshold": 1.4760769404015104}, 23.3773193359375, 0.019400181362518417]}, [{"classification_truncation": 1, "threshold": 1.5}, 0.021514024081773067], [{"classification_truncation": 1, "threshold": 1.2}, 0.026171125747715022], [{"classification_truncation": 1, "threshold": 1}, 0.032898925353927286], [{"classification_truncation": 1, "threshold": 2}, 0.035471070962228436], [{"classification_truncation": 1, "threshold": 2.5}, 0.04245911719058138], [{"classification_truncation": 1, "threshold": 3}, 0.05670037156317905], [{"classification_truncation": 4, "threshold": 1.5}, 0.0695654348072343], [{"classification_truncation": 4, "threshold": 1.2}, 0.07049074062705152], [{"classification_truncation": 4, "threshold": 1}, 0.07150446669407567], [{"classification_truncation": 4, "threshold": 2.5}, 0.07345328390017378], [{"classification_truncation": 4, "threshold": 2}, 0.07502953877316679], [{"classification_truncation": 2, "threshold": 3}, 0.08721177593036834], [{"classification_truncation": 3, "threshold": 2.5}, 0.08792995054350655], [{"classification_truncation": 2, "threshold": 2}, 0.0883152378370672], [{"classification_truncation": 3, "threshold": 2}, 0.08939916376805174], [{"classification_truncation": 2, "threshold": 2.5}, 0.09125784490888607], [{"classification_truncation": 2, "threshold": 1.5}, 0.09238876709397545], [{"classification_truncation": 3, "threshold": 1.5}, 0.09261062558159236], [{"classification_truncation": 4, "threshold": 3}, 0.09356924326496306], [{"classification_truncation": 3, "threshold": 1.2}, 0.09847597194964626], [{"classification_truncation": 2, "threshold": 1.2}, 0.09901831558863793], [{"classification_truncation": 3, "threshold": 1}, 0.10388703829077417], [{"classification_truncation": 3, "threshold": 3}, 0.10662642215481005], [{"classification_truncation": 2, "threshold": 1}, 0.1080005985025021], [{"classification_truncation": 6, "threshold": 3}, 0.13253878139028888], [{"classification_truncation": 5, "threshold": 3}, 0.1327247844962819], [{"classification_truncation": 5, "threshold": 1.5}, 0.13787015036301847], [{"classification_truncation": 5, "threshold": 2.5}, 0.1397052168717998], [{"classification_truncation": 5, "threshold": 2}, 0.1403040897070537], [{"classification_truncation": 6, "threshold": 2.5}, 0.14312951089401038], [{"classification_truncation": 6, "threshold": 1.5}, 0.14391998270880585], [{"classification_truncation": 6, "threshold": 2}, 0.14454538030007472], [{"classification_truncation": 5, "threshold": 1.2}, 0.1452367898402011], [{"classification_truncation": 6, "threshold": 1.2}, 0.15247101298005344], [{"classification_truncation": 5, "threshold": 1}, 0.15260069542701274], [{"classification_truncation": 6, "threshold": 1}, 0.1552470042906418], {"param_grid": {"classification_truncation": [1, 2, 3, 4, 5, 6], "threshold": [1, 1.2, 1.5, 2, 2.5, 3]}}]}