{"bafu": [{"bayesian_opt_scores": [{"classification_truncation": 4, "threshold": 3.0}, 36.522677183151245, 0.3431172961495428]}, [{"classification_truncation": 1, "threshold": 2}, 0.3425690315519563], [{"classification_truncation": 4, "threshold": 3}, 0.3431172961495431], [{"classification_truncation": 4, "threshold": 2.5}, 0.34475784146040794], [{"classification_truncation": 1, "threshold": 1.5}, 0.3453375201288397], [{"classification_truncation": 4, "threshold": 2}, 0.34562044333228165], [{"classification_truncation": 4, "threshold": 1.5}, 0.3487389885560941], [{"classification_truncation": 2, "threshold": 2.5}, 0.34966917803531816], [{"classification_truncation": 4, "threshold": 1.2}, 0.35145334350395463], [{"classification_truncation": 4, "threshold": 1}, 0.35255161180469213], [{"classification_truncation": 1, "threshold": 1.2}, 0.355055212506477], [{"classification_truncation": 1, "threshold": 1}, 0.35643385717855985], [{"classification_truncation": 2, "threshold": 2}, 0.35678132082443126], [{"classification_truncation": 3, "threshold": 2}, 0.3568139401072256], [{"classification_truncation": 3, "threshold": 1.5}, 0.3580371855715851], [{"classification_truncation": 2, "threshold": 1.5}, 0.35842708738011214], [{"classification_truncation": 3, "threshold": 1.2}, 0.35872602284067334], [{"classification_truncation": 2, "threshold": 1}, 0.35894476031534317], [{"classification_truncation": 2, "threshold": 1.2}, 0.3592538009366101], [{"classification_truncation": 3, "threshold": 1}, 0.35951946510103633], [{"classification_truncation": 2, "threshold": 3}, 0.5470508144737765], [{"classification_truncation": 3, "threshold": 3}, 0.5471174843535246], [{"classification_truncation": 3, "threshold": 2.5}, 0.5512214467354235], [{"classification_truncation": 1, "threshold": 2.5}, 0.5522639134207793], [{"classification_truncation": 1, "threshold": 3}, 0.6969940006415017], [{"classification_truncation": 5, "threshold": 1}, 0.9640023247119867], [{"classification_truncation": 6, "threshold": 1}, 1.1414485345309973], [{"classification_truncation": 5, "threshold": 1.5}, 1.144088322952362], [{"classification_truncation": 5, "threshold": 1.2}, 1.1458224970994706], [{"classification_truncation": 6, "threshold": 1.2}, 1.2383092473802535], [{"classification_truncation": 6, "threshold": 1.5}, 1.324019030565863], [{"classification_truncation": 6, "threshold": 2}, 1.5345070368615594], [{"classification_truncation": 5, "threshold": 2}, 1.5380470096446335], [{"classification_truncation": 5, "threshold": 2.5}, 1.8807163287778537], [{"classification_truncation": 6, "threshold": 2.5}, 1.9340227915645127], [{"classification_truncation": 5, "threshold": 3}, 2.176403097980158], [{"classification_truncation": 6, "threshold": 3}, 2.3080351176097524], {"param_grid": {"classification_truncation": [1, 2, 3, 4, 5, 6], "threshold": [1, 1.2, 1.5, 2, 2.5, 3]}}]}