{"bafu": [{"bayesian_opt_scores": [{"p": 2, "tau": 0.014353818121529948}, 10.096117973327637, 0.24631923533649286]}, [{"p": 2, "tau": 0.008}, 0.24632135030746563], [{"p": 2, "tau": 0.01}, 0.24639342443247167], [{"p": 2, "tau": 0.02}, 0.24645346154607206], [{"p": 1, "tau": 0.004}, 0.24758479951111229], [{"p": 1, "tau": 0.008}, 0.24760367912958012], [{"p": 1, "tau": 0.01}, 0.24763607450200953], [{"p": 2, "tau": 0.04}, 0.24923215120134123], [{"p": 3, "tau": 0.04}, 0.2492567526392697], [{"p": 3, "tau": 0.08}, 0.25027788858364775], [{"p": 1, "tau": 0.02}, 0.2512310878168349], [{"p": 2, "tau": 0.08}, 0.2525306048649215], [{"p": 1, "tau": 0.04}, 0.25328251202879715], [{"p": 3, "tau": 0.02}, 0.25409115744855737], [{"p": 1, "tau": 0.08}, 0.26795831129855846], [{"p": 3, "tau": 0.008}, 0.35071542356426505], [{"p": 3, "tau": 0.01}, 0.35079804033493367], [{"p": 1, "tau": 0.002}, 0.3587275869585789], [{"p": 2, "tau": 0.004}, 0.36084127999995336], [{"p": 3, "tau": 0.004}, 0.3654969086607324], [{"p": 2, "tau": 0.002}, 0.3880832996769421], [{"p": 3, "tau": 0.002}, 0.4018574440616208], [{"p": 1, "tau": 0.001}, 0.40658980229524816], [{"p": 2, "tau": 0.001}, 0.41409233474812013], [{"p": 1, "tau": 0.0005}, 0.42635859490262346], [{"p": 2, "tau": 0.0005}, 0.4293855232498065], [{"p": 3, "tau": 0.001}, 0.43393324505216846], [{"p": 3, "tau": 0.0005}, 0.44639201239728543], {"param_grid": {"p": [1, 2, 3], "tau": [0.0005, 0.001, 0.002, 0.004, 0.008, 0.01, 0.02, 0.04, 0.08]}}]}