{"bafu": [{"bayesian_opt_scores": [{"p": 2, "tau": 0.02771762179434054}, 12.983773708343506, 0.16649287939200597]}, [{"p": 2, "tau": 0.02}, 0.16610584925490154], [{"p": 1, "tau": 0.008}, 0.16693480518511275], [{"p": 1, "tau": 0.01}, 0.16693514376289748], [{"p": 1, "tau": 0.02}, 0.16693874180046891], [{"p": 1, "tau": 0.04}, 0.16757152049415758], [{"p": 2, "tau": 0.04}, 0.1678097112480748], [{"p": 3, "tau": 0.02}, 0.17172655254277988], [{"p": 2, "tau": 0.08}, 0.17484248959217694], [{"p": 3, "tau": 0.04}, 0.1767505680524437], [{"p": 1, "tau": 0.08}, 0.17787804856983788], [{"p": 3, "tau": 0.08}, 0.181137863937645], [{"p": 2, "tau": 0.01}, 0.19360296866446877], [{"p": 2, "tau": 0.008}, 0.22984123896935532], [{"p": 3, "tau": 0.01}, 0.2486042788165869], [{"p": 1, "tau": 0.004}, 0.2607411734984745], [{"p": 3, "tau": 0.008}, 0.2711006973269832], [{"p": 3, "tau": 0.004}, 0.3308668095901092], [{"p": 2, "tau": 0.004}, 0.34735643534231486], [{"p": 1, "tau": 0.002}, 0.35403869020935436], [{"p": 2, "tau": 0.002}, 0.37915306873552573], [{"p": 3, "tau": 0.002}, 0.38215095055398174], [{"p": 1, "tau": 0.001}, 0.3906019230045091], [{"p": 2, "tau": 0.001}, 0.4109133370943409], [{"p": 1, "tau": 0.0005}, 0.4134032340228874], [{"p": 3, "tau": 0.001}, 0.41869141400840676], [{"p": 2, "tau": 0.0005}, 0.4299706517217803], [{"p": 3, "tau": 0.0005}, 0.4348534261581484], {"param_grid": {"p": [1, 2, 3], "tau": [0.0005, 0.001, 0.002, 0.004, 0.008, 0.01, 0.02, 0.04, 0.08]}}]}