{"bafu": [{"bayesian_opt_scores": [{"classification_truncation": 2, "threshold": 1.3207283076582996}, 29.026251792907715, 0.212121172819797]}, [{"classification_truncation": 2, "threshold": 1}, 0.21223724714605924], [{"classification_truncation": 2, "threshold": 1.2}, 0.21226710600697754], [{"classification_truncation": 2, "threshold": 1.5}, 0.21272826884905963], [{"classification_truncation": 2, "threshold": 2}, 0.21400732401586395], [{"classification_truncation": 1, "threshold": 2}, 0.22220323523249721], [{"classification_truncation": 1, "threshold": 1.5}, 0.22442024840202615], [{"classification_truncation": 1, "threshold": 1.2}, 0.2255508679594191], [{"classification_truncation": 1, "threshold": 1}, 0.23055908391814386], [{"classification_truncation": 2, "threshold": 2.5}, 0.34919980028679726], [{"classification_truncation": 3, "threshold": 1}, 0.4355631005614914], [{"classification_truncation": 3, "threshold": 1.2}, 0.830991887023451], [{"classification_truncation": 3, "threshold": 1.5}, 0.9329176641463656], [{"classification_truncation": 4, "threshold": 1}, 0.9548843944132812], [{"classification_truncation": 2, "threshold": 3}, 1.008156226934145], [{"classification_truncation": 4, "threshold": 1.2}, 1.008881411830763], [{"classification_truncation": 4, "threshold": 1.5}, 1.0806875140134695], [{"classification_truncation": 3, "threshold": 2}, 1.202529796490716], [{"classification_truncation": 1, "threshold": 2.5}, 1.3315579693869841], [{"classification_truncation": 4, "threshold": 2}, 1.3730358191565983], [{"classification_truncation": 6, "threshold": 1}, 1.436951498093106], [{"classification_truncation": 1, "threshold": 3}, 1.4719920591457194], [{"classification_truncation": 5, "threshold": 1}, 1.5221103882553897], [{"classification_truncation": 3, "threshold": 2.5}, 1.5908230310250426], [{"classification_truncation": 4, "threshold": 2.5}, 1.6272087052843889], [{"classification_truncation": 5, "threshold": 1.2}, 1.6361270550856306], [{"classification_truncation": 6, "threshold": 1.2}, 1.6577975039809787], [{"classification_truncation": 6, "threshold": 1.5}, 1.8804969885809877], [{"classification_truncation": 5, "threshold": 1.5}, 1.8805024548525258], [{"classification_truncation": 4, "threshold": 3}, 1.9821542664690712], [{"classification_truncation": 5, "threshold": 2}, 1.9910603087098093], [{"classification_truncation": 3, "threshold": 3}, 1.9910848104078396], [{"classification_truncation": 5, "threshold": 2.5}, 2.0], [{"classification_truncation": 6, "threshold": 2.5}, 2.0], [{"classification_truncation": 6, "threshold": 2}, 2.0], [{"classification_truncation": 5, "threshold": 3}, 2.0], [{"classification_truncation": 6, "threshold": 3}, 2.0], {"param_grid": {"classification_truncation": [1, 2, 3, 4, 5, 6], "threshold": [1, 1.2, 1.5, 2, 2.5, 3]}}]}