{"bafu": [{"bayesian_opt_scores": [{"classification_truncation": 5, "threshold": 1.0}, 40.86666989326477, 0.6370433587342103]}, [{"classification_truncation": 5, "threshold": 1}, 0.6370433587342105], [{"classification_truncation": 5, "threshold": 1.2}, 0.6806508762620606], [{"classification_truncation": 6, "threshold": 1}, 0.6808446315758506], [{"classification_truncation": 2, "threshold": 1}, 0.6828008202869676], [{"classification_truncation": 4, "threshold": 1}, 0.6861418759092847], [{"classification_truncation": 6, "threshold": 1.2}, 0.6894226042670357], [{"classification_truncation": 4, "threshold": 1.2}, 0.7015848241655825], [{"classification_truncation": 2, "threshold": 1.2}, 0.708238337833442], [{"classification_truncation": 3, "threshold": 1.2}, 0.7111178575294554], [{"classification_truncation": 4, "threshold": 1.5}, 0.7245279394230271], [{"classification_truncation": 5, "threshold": 1.5}, 0.7310767529012383], [{"classification_truncation": 6, "threshold": 1.5}, 0.7321073176384576], [{"classification_truncation": 2, "threshold": 1.5}, 0.7321507113946174], [{"classification_truncation": 3, "threshold": 1.5}, 0.7522177911505202], [{"classification_truncation": 3, "threshold": 1}, 0.7780278160041958], [{"classification_truncation": 4, "threshold": 2}, 0.7888812415246556], [{"classification_truncation": 3, "threshold": 2}, 0.7973933277626237], [{"classification_truncation": 2, "threshold": 2}, 0.8084462472997775], [{"classification_truncation": 3, "threshold": 2.5}, 0.8252464354719861], [{"classification_truncation": 1, "threshold": 1.2}, 0.8256158080484098], [{"classification_truncation": 1, "threshold": 1.5}, 0.8260698737716775], [{"classification_truncation": 5, "threshold": 2}, 0.8264194421238932], [{"classification_truncation": 1, "threshold": 1}, 0.8314771620021228], [{"classification_truncation": 4, "threshold": 2.5}, 0.8615396656606744], [{"classification_truncation": 2, "threshold": 2.5}, 0.8951786290174237], [{"classification_truncation": 6, "threshold": 2}, 0.8991566815612859], [{"classification_truncation": 4, "threshold": 3}, 0.9365648176837003], [{"classification_truncation": 5, "threshold": 2.5}, 0.9448669608469887], [{"classification_truncation": 1, "threshold": 2.5}, 0.9680387784361585], [{"classification_truncation": 3, "threshold": 3}, 0.9771691330640689], [{"classification_truncation": 1, "threshold": 2}, 0.97953657528906], [{"classification_truncation": 6, "threshold": 2.5}, 1.00913999973256], [{"classification_truncation": 1, "threshold": 3}, 1.0122045779249644], [{"classification_truncation": 5, "threshold": 3}, 1.0257824123121893], [{"classification_truncation": 2, "threshold": 3}, 1.0287300020139396], [{"classification_truncation": 6, "threshold": 3}, 1.0664003720390258], {"param_grid": {"classification_truncation": [1, 2, 3, 4, 5, 6], "threshold": [1, 1.2, 1.5, 2, 2.5, 3]}}]}