{"bafu": [{"bayesian_opt_scores": [{"classification_truncation": 1, "threshold": 1.2633065665852754}, 37.345144510269165, 0.21767158632890368]}, [{"classification_truncation": 1, "threshold": 1}, 0.22490026966477503], [{"classification_truncation": 1, "threshold": 1.2}, 0.22697945430726318], [{"classification_truncation": 1, "threshold": 1.5}, 0.2291373005215185], [{"classification_truncation": 1, "threshold": 2}, 0.23134550393415626], [{"classification_truncation": 2, "threshold": 1.5}, 0.24493394164693366], [{"classification_truncation": 2, "threshold": 1.2}, 0.2517199934355506], [{"classification_truncation": 2, "threshold": 1}, 0.25667637846264013], [{"classification_truncation": 2, "threshold": 2}, 0.27461610910284046], [{"classification_truncation": 4, "threshold": 1}, 0.29101403365475453], [{"classification_truncation": 4, "threshold": 1.2}, 0.29106672542478484], [{"classification_truncation": 4, "threshold": 1.5}, 0.30335197427960814], [{"classification_truncation": 1, "threshold": 2.5}, 0.3081871282195758], [{"classification_truncation": 2, "threshold": 2.5}, 0.31538215084395055], [{"classification_truncation": 4, "threshold": 2}, 0.3330948360800483], [{"classification_truncation": 3, "threshold": 1}, 0.3376392056126696], [{"classification_truncation": 2, "threshold": 3}, 0.34239202676593017], [{"classification_truncation": 3, "threshold": 1.2}, 0.3508967934044438], [{"classification_truncation": 3, "threshold": 1.5}, 0.3600137306647477], [{"classification_truncation": 3, "threshold": 2}, 0.3814073147204913], [{"classification_truncation": 6, "threshold": 1}, 0.42038073481317145], [{"classification_truncation": 1, "threshold": 3}, 0.4225862969085332], [{"classification_truncation": 6, "threshold": 1.5}, 0.43130609939866527], [{"classification_truncation": 5, "threshold": 1.2}, 0.43308276706084664], [{"classification_truncation": 5, "threshold": 1.5}, 0.43627659205589014], [{"classification_truncation": 6, "threshold": 1.2}, 0.4372039044068433], [{"classification_truncation": 3, "threshold": 2.5}, 0.43729470708890067], [{"classification_truncation": 5, "threshold": 1}, 0.43847771186003587], [{"classification_truncation": 4, "threshold": 2.5}, 0.4399199130797155], [{"classification_truncation": 6, "threshold": 2}, 0.47223406878435786], [{"classification_truncation": 5, "threshold": 2}, 0.47301373644135036], [{"classification_truncation": 4, "threshold": 3}, 0.4805842276132193], [{"classification_truncation": 6, "threshold": 2.5}, 0.4856316392849], [{"classification_truncation": 5, "threshold": 2.5}, 0.4859357521515379], [{"classification_truncation": 6, "threshold": 3}, 0.49467224379893354], [{"classification_truncation": 5, "threshold": 3}, 0.500985784191996], [{"classification_truncation": 3, "threshold": 3}, 0.529629969390337], {"param_grid": {"classification_truncation": [1, 2, 3, 4, 5, 6], "threshold": [1, 1.2, 1.5, 2, 2.5, 3]}}]}