{"bafu": [{"bayesian_opt_scores": [{"classification_truncation": 4, "threshold": 2.4876231989321704}, 4.208364009857178, 0.4807863576668103]}, [{"classification_truncation": 1, "threshold": 1}, 0.4807863576668103], [{"classification_truncation": 4, "threshold": 1.5}, 0.4807863576668103], [{"classification_truncation": 4, "threshold": 2}, 0.4807863576668103], [{"classification_truncation": 4, "threshold": 2.5}, 0.4807863576668103], [{"classification_truncation": 4, "threshold": 3}, 0.4807863576668103], [{"classification_truncation": 5, "threshold": 1}, 0.4807863576668103], [{"classification_truncation": 5, "threshold": 1.2}, 0.4807863576668103], [{"classification_truncation": 4, "threshold": 1.2}, 0.4807863576668103], [{"classification_truncation": 5, "threshold": 1.5}, 0.4807863576668103], [{"classification_truncation": 5, "threshold": 2.5}, 0.4807863576668103], [{"classification_truncation": 5, "threshold": 3}, 0.4807863576668103], [{"classification_truncation": 6, "threshold": 1}, 0.4807863576668103], [{"classification_truncation": 6, "threshold": 1.2}, 0.4807863576668103], [{"classification_truncation": 6, "threshold": 1.5}, 0.4807863576668103], [{"classification_truncation": 6, "threshold": 2}, 0.4807863576668103], [{"classification_truncation": 5, "threshold": 2}, 0.4807863576668103], [{"classification_truncation": 4, "threshold": 1}, 0.4807863576668103], [{"classification_truncation": 3, "threshold": 3}, 0.4807863576668103], [{"classification_truncation": 3, "threshold": 2.5}, 0.4807863576668103], [{"classification_truncation": 1, "threshold": 1.2}, 0.4807863576668103], [{"classification_truncation": 1, "threshold": 1.5}, 0.4807863576668103], [{"classification_truncation": 1, "threshold": 2}, 0.4807863576668103], [{"classification_truncation": 1, "threshold": 2.5}, 0.4807863576668103], [{"classification_truncation": 1, "threshold": 3}, 0.4807863576668103], [{"classification_truncation": 2, "threshold": 1}, 0.4807863576668103], [{"classification_truncation": 2, "threshold": 1.2}, 0.4807863576668103], [{"classification_truncation": 2, "threshold": 1.5}, 0.4807863576668103], [{"classification_truncation": 2, "threshold": 2}, 0.4807863576668103], [{"classification_truncation": 2, "threshold": 2.5}, 0.4807863576668103], [{"classification_truncation": 2, "threshold": 3}, 0.4807863576668103], [{"classification_truncation": 3, "threshold": 1}, 0.4807863576668103], [{"classification_truncation": 3, "threshold": 1.2}, 0.4807863576668103], [{"classification_truncation": 3, "threshold": 1.5}, 0.4807863576668103], [{"classification_truncation": 3, "threshold": 2}, 0.4807863576668103], [{"classification_truncation": 6, "threshold": 2.5}, 0.4807863576668103], [{"classification_truncation": 6, "threshold": 3}, 0.4807863576668103], {"param_grid": {"classification_truncation": [1, 2, 3, 4, 5, 6], "threshold": [1, 1.2, 1.5, 2, 2.5, 3]}}]}