{"bafu": [{"bayesian_opt_scores": []}, {"param_grid": {"smax": [0.01, 0.0301010101010101, 0.050202020202020206, 0.0703030303030303, 0.0904040404040404, 0.11050505050505051, 0.13060606060606061, 0.15070707070707073, 0.17080808080808083, 0.19090909090909092, 0.21101010101010104, 0.23111111111111113, 0.2512121212121212, 0.27131313131313134, 0.29141414141414146, 0.3115151515151515, 0.33161616161616164, 0.35171717171717176, 0.3718181818181818, 0.39191919191919194, 0.41202020202020206, 0.43212121212121213, 0.45222222222222225, 0.47232323232323237, 0.49242424242424243, 0.5125252525252526, 0.5326262626262627, 0.5527272727272727, 0.5728282828282829, 0.592929292929293, 0.613030303030303, 0.6331313131313132, 0.6532323232323233, 0.6733333333333333, 0.6934343434343435, 0.7135353535353536, 0.7336363636363636, 0.7537373737373738, 0.7738383838383839, 0.793939393939394, 0.8140404040404041, 0.8341414141414142, 0.8542424242424242, 0.8743434343434344, 0.8944444444444445, 0.9145454545454546, 0.9346464646464647, 0.9547474747474748, 0.9748484848484849, 0.994949494949495, 1.0150505050505052, 1.0351515151515152, 1.0552525252525253, 1.0753535353535355, 1.0954545454545455, 1.1155555555555556, 1.1356565656565658, 1.1557575757575758, 1.175858585858586, 1.1959595959595961, 1.216060606060606, 1.2361616161616162, 1.2562626262626264, 1.2763636363636364, 1.2964646464646465, 1.3165656565656567, 1.3366666666666667, 1.3567676767676768, 1.376868686868687, 1.396969696969697, 1.4170707070707071, 1.4371717171717173, 1.4572727272727273, 1.4773737373737375, 1.4974747474747476, 1.5175757575757576, 1.5376767676767678, 1.557777777777778, 1.5778787878787879, 1.597979797979798, 1.6180808080808082, 1.6381818181818182, 1.6582828282828284, 1.6783838383838385, 1.6984848484848485, 1.7185858585858587, 1.7386868686868688, 1.7587878787878788, 1.778888888888889, 1.7989898989898991, 1.819090909090909, 1.8391919191919193, 1.8592929292929294, 1.8793939393939394, 1.8994949494949496, 1.9195959595959597, 1.9396969696969697, 1.9597979797979799, 1.97989898989899, 2.0], "smin": [-0.01, -0.0301010101010101, -0.050202020202020206, -0.0703030303030303, -0.0904040404040404, -0.11050505050505051, -0.13060606060606061, -0.15070707070707073, -0.17080808080808083, -0.19090909090909092, -0.21101010101010104, -0.23111111111111113, -0.2512121212121212, -0.27131313131313134, -0.29141414141414146, -0.3115151515151515, -0.33161616161616164, -0.35171717171717176, -0.3718181818181818, -0.39191919191919194, -0.41202020202020206, -0.43212121212121213, -0.45222222222222225, -0.47232323232323237, -0.49242424242424243, -0.5125252525252526, -0.5326262626262627, -0.5527272727272727, -0.5728282828282829, -0.592929292929293, -0.613030303030303, -0.6331313131313132, -0.6532323232323233, -0.6733333333333333, -0.6934343434343435, -0.7135353535353536, -0.7336363636363636, -0.7537373737373738, -0.7738383838383839, -0.793939393939394, -0.8140404040404041, -0.8341414141414142, -0.8542424242424242, -0.8743434343434344, -0.8944444444444445, -0.9145454545454546, -0.9346464646464647, -0.9547474747474748, -0.9748484848484849, -0.994949494949495, -1.0150505050505052, -1.0351515151515152, -1.0552525252525253, -1.0753535353535355, -1.0954545454545455, -1.1155555555555556, -1.1356565656565658, -1.1557575757575758, -1.175858585858586, -1.1959595959595961, -1.216060606060606, -1.2361616161616162, -1.2562626262626264, -1.2763636363636364, -1.2964646464646465, -1.3165656565656567, -1.3366666666666667, -1.3567676767676768, -1.376868686868687, -1.396969696969697, -1.4170707070707071, -1.4371717171717173, -1.4572727272727273, -1.4773737373737375, -1.4974747474747476, -1.5175757575757576, -1.5376767676767678, -1.557777777777778, -1.5778787878787879, -1.597979797979798, -1.6180808080808082, -1.6381818181818182, -1.6582828282828284, -1.6783838383838385, -1.6984848484848485, -1.7185858585858587, -1.7386868686868688, -1.7587878787878788, -1.778888888888889, -1.7989898989898991, -1.819090909090909, -1.8391919191919193, -1.8592929292929294, -1.8793939393939394, -1.8994949494949496, -1.9195959595959597, -1.9396969696969697, -1.9597979797979799, -1.97989898989899, -2.0]}}], "humidity": [{"bayesian_opt_scores": []}, {"param_grid": {"smax": [0.01, 0.0301010101010101, 0.050202020202020206, 0.0703030303030303, 0.0904040404040404, 0.11050505050505051, 0.13060606060606061, 0.15070707070707073, 0.17080808080808083, 0.19090909090909092, 0.21101010101010104, 0.23111111111111113, 0.2512121212121212, 0.27131313131313134, 0.29141414141414146, 0.3115151515151515, 0.33161616161616164, 0.35171717171717176, 0.3718181818181818, 0.39191919191919194, 0.41202020202020206, 0.43212121212121213, 0.45222222222222225, 0.47232323232323237, 0.49242424242424243, 0.5125252525252526, 0.5326262626262627, 0.5527272727272727, 0.5728282828282829, 0.592929292929293, 0.613030303030303, 0.6331313131313132, 0.6532323232323233, 0.6733333333333333, 0.6934343434343435, 0.7135353535353536, 0.7336363636363636, 0.7537373737373738, 0.7738383838383839, 0.793939393939394, 0.8140404040404041, 0.8341414141414142, 0.8542424242424242, 0.8743434343434344, 0.8944444444444445, 0.9145454545454546, 0.9346464646464647, 0.9547474747474748, 0.9748484848484849, 0.994949494949495, 1.0150505050505052, 1.0351515151515152, 1.0552525252525253, 1.0753535353535355, 1.0954545454545455, 1.1155555555555556, 1.1356565656565658, 1.1557575757575758, 1.175858585858586, 1.1959595959595961, 1.216060606060606, 1.2361616161616162, 1.2562626262626264, 1.2763636363636364, 1.2964646464646465, 1.3165656565656567, 1.3366666666666667, 1.3567676767676768, 1.376868686868687, 1.396969696969697, 1.4170707070707071, 1.4371717171717173, 1.4572727272727273, 1.4773737373737375, 1.4974747474747476, 1.5175757575757576, 1.5376767676767678, 1.557777777777778, 1.5778787878787879, 1.597979797979798, 1.6180808080808082, 1.6381818181818182, 1.6582828282828284, 1.6783838383838385, 1.6984848484848485, 1.7185858585858587, 1.7386868686868688, 1.7587878787878788, 1.778888888888889, 1.7989898989898991, 1.819090909090909, 1.8391919191919193, 1.8592929292929294, 1.8793939393939394, 1.8994949494949496, 1.9195959595959597, 1.9396969696969697, 1.9597979797979799, 1.97989898989899, 2.0],