{
    "train": {
        "accuracy": 0.6297093649085038,
        "confusion_matrix": [
            [
                76,
                114,
                61,
                22
            ],
            [
                5,
                628,
                8,
                13
            ],
            [
                31,
                109,
                167,
                43
            ],
            [
                36,
                239,
                7,
                299
            ]
        ],
        "classification_report": "              precision    recall  f1-score   support\n\n           0       0.51      0.28      0.36       273\n           1       0.58      0.96      0.72       654\n           2       0.69      0.48      0.56       350\n           3       0.79      0.51      0.62       581\n\n    accuracy                           0.63      1858\n   macro avg       0.64      0.56      0.57      1858\nweighted avg       0.66      0.63      0.61      1858\n"
    },
    "test": {
        "accuracy": 0.6184068891280947,
        "confusion_matrix": [
            [
                97,
                120,
                51,
                17
            ],
            [
                8,
                556,
                4,
                13
            ],
            [
                25,
                109,
                168,
                51
            ],
            [
                33,
                268,
                10,
                328
            ]
        ],
        "classification_report": "              precision    recall  f1-score   support\n\n           0       0.60      0.34      0.43       285\n           1       0.53      0.96      0.68       581\n           2       0.72      0.48      0.57       353\n           3       0.80      0.51      0.63       639\n\n    accuracy                           0.62      1858\n   macro avg       0.66      0.57      0.58      1858\nweighted avg       0.67      0.62      0.60      1858\n"
    }
}