{
    "train": {
        "accuracy": 0.6307857911733046,
        "confusion_matrix": [
            [
                79,
                113,
                61,
                20
            ],
            [
                4,
                626,
                9,
                15
            ],
            [
                25,
                110,
                172,
                43
            ],
            [
                37,
                240,
                9,
                295
            ]
        ],
        "classification_report": "              precision    recall  f1-score   support\n\n           0       0.54      0.29      0.38       273\n           1       0.57      0.96      0.72       654\n           2       0.69      0.49      0.57       350\n           3       0.79      0.51      0.62       581\n\n    accuracy                           0.63      1858\n   macro avg       0.65      0.56      0.57      1858\nweighted avg       0.66      0.63      0.61      1858\n"
    },
    "test": {
        "accuracy": 0.6076426264800862,
        "confusion_matrix": [
            [
                95,
                120,
                52,
                18
            ],
            [
                8,
                553,
                5,
                15
            ],
            [
                27,
                116,
                158,
                52
            ],
            [
                34,
                269,
                13,
                323
            ]
        ],
        "classification_report": "              precision    recall  f1-score   support\n\n           0       0.58      0.33      0.42       285\n           1       0.52      0.95      0.67       581\n           2       0.69      0.45      0.54       353\n           3       0.79      0.51      0.62       639\n\n    accuracy                           0.61      1858\n   macro avg       0.65      0.56      0.56      1858\nweighted avg       0.66      0.61      0.59      1858\n"
    }
}