{
    "train": {
        "accuracy": 0.6512345679012346,
        "confusion_matrix": [
            [
                39,
                26,
                21,
                24
            ],
            [
                2,
                164,
                8,
                24
            ],
            [
                20,
                32,
                62,
                23
            ],
            [
                17,
                21,
                8,
                157
            ]
        ],
        "classification_report": "              precision    recall  f1-score   support\n\n           0       0.50      0.35      0.41       110\n           1       0.67      0.83      0.74       198\n           2       0.63      0.45      0.53       137\n           3       0.69      0.77      0.73       203\n\n    accuracy                           0.65       648\n   macro avg       0.62      0.60      0.60       648\nweighted avg       0.64      0.65      0.64       648\n"
    },
    "test": {
        "accuracy": 0.5705521472392638,
        "confusion_matrix": [
            [
                7,
                5,
                10,
                5
            ],
            [
                1,
                33,
                4,
                10
            ],
            [
                4,
                14,
                20,
                3
            ],
            [
                2,
                6,
                6,
                33
            ]
        ],
        "classification_report": "              precision    recall  f1-score   support\n\n           0       0.50      0.26      0.34        27\n           1       0.57      0.69      0.62        48\n           2       0.50      0.49      0.49        41\n           3       0.65      0.70      0.67        47\n\n    accuracy                           0.57       163\n   macro avg       0.55      0.53      0.53       163\nweighted avg       0.56      0.57      0.56       163\n"
    }
}